Long_name,Short name,No.Assays,No.Positions,No.Autosomal,No.X,No.y,No.MT,old_name
Infinium HumanCytoSNP-12 v2.1,CytoSNP-12,293552,293467,276248,15082,1444,0,human-cytosnp-12-v2.1
Infinium Core-24 v1.2,Infinium_Core,304151,304111,293850,8097,2003,161,infinium-core-v1.2
Infinium OncoArray-500K v1.0,Infinium_OncoArray,497191,496203,481495,14276,312,120,oncoarray-500k
Infinium PsychArray v1.3,PsychArray,592414,584233,567619,14221,2051,342,infinium-psycharray-v1.3
Axiom Genome-Wide ASI,Axiom_GW_ASI,629494,629492,609774,17263,2222,233,Axiom_GW_ASI
Infinium Global Screening Array v3.0,Infinium_GSA,654027,648380,616080,26635,3822,987,global-screening-array-v.3
Axiom Genome-Wide CHB,Axiom_GW_CHB,656638,656625,631283,24267,980,95,Axiom_GW_CHB
Axiom Japonica Array NEO,Axiom_JAPONICA,671123,666782,652237,13336,779,409,Axiom_JAPONICA
Axiom Genome-Wide EUR,Axiom_GW_EUR,674287,673449,659956,13104,290,99,Axiom_GW_EUR
Infinium Chinese Genotyping Array v1.0,Infinium_Chinese,695116,682199,647335,27668,6210,986,chinese-genotyping-array-v1.0
Infinium Japanese Screening Array v1.0,Infinium_JSA,719938,707559,675012,26223,4686,948,japanese-screening-array-v1.0
Axiom UK Biobank Array,Axiom_UKB,843755,820407,798493,20827,813,274,Axiom_UKB_WCSG
Infinium CytoSNP-850K v1.2,CytoSNP-850K,845050,842682,811217,29666,1097,0,cytosnp-850k-v1.2
Axiom Precision Medicine Research Array,Axiom_PMRA,919099,900406,864096,36132,8,170,Axiom_PMRA
Axiom Precision Medicine Diversity Array,Axiom_PMDA,921664,900770,837511,62039,448,714,Axiom_PMDA
Genome-Wide Human SNP Array 6.0,Affymetrix_6.0,931991,929011,889847,37894,859,411,GenomeWideSNP_6.0
Infinium OmniZhongHua v1.4,OmniZhongHua,1170268,1165100,1134324,28444,2220,112, infinium-omnizhonghua-v1.4
Infinium Multi-Ethnic EUR/EAS/SAS v1.0,Multi-Ethnic_EUR_EAS_SAS,1471475,1471475,1429754,39479,1598,644,multi-ethnic-eur-eas-sas-v1.0
Infinium Multi-Ethnic Global v1.0,Multi-Ethnic_Global,1748250,1733356,1673788,50914,3569,776,multi-ethnic-global-v1.0
Infinium Global Diversity Array v1.0,Infinium_GDA,1904599,1825277,1752897,60512,5744,1115,infinium-global-diversity-array-v1.0
Axiom Genome-Wide PanAFR,Axiom_GW_PanAFR,2264666,2264432,2195556,65949,2647,280,Axiom_GW_PanAFR
Infinium Omni2.5 v1.5,Infinium_Omni2.5,2373357,2363610,2311073,50841,1515,181,infinium-omni2.5.v1.5
Infinium Omni5 v1.2,Infinium_Omni5,4327108,4245106,4131134,106418,2396,207,infinium-omni5-v1.2
